{"cameraMode":{"drawMode":0,"name":"Shaded","section":"Shading Mode"},"sceneLighting":true,"audioPlay":false,"sceneViewState":{"showFog":true,"showMaterialUpdate":false,"showSkybox":true,"showFlares":true,"showImageEffects":true,"showParticleSystems":true},"in2DMode":false,"pivot":{"x":-6.051065921783447,"y":-9.110494613647461,"z":-8.230606079101563},"rotation":{"x":0.5204837322235107,"y":0.030720911920070649,"z":-0.018744762986898423,"w":0.8531191945075989},"size":11.865739822387696,"orthographic":false}